"text","label"
"добавь столбчатую диаграмму с количество заказов","dashboard"
"поставь фильтр по клиентам","dashboard"
"перенеси последний виджет вверх","dashboard"
"посчитай оборот и выгрузи в пдф","export"
"добавь круговую диаграмму по поставщикам","dashboard"
"какиеданные есть по менеджерам?","chat"
"дай файл с возвраты","export"
"какая динамика средний чек?","chat"
"мне нужен excell для отчёта","export"
"посчитаи средний чек и выгрузи в эксель","export"
"экспортируй платежи в xls","export"
"сделай аналитику по финансам","dashboard"
"сохрани количество заказов по клиентам в xlsx","export"
"соххрани возвраты в ворд","export"
"еренеси третий виджет вверх","dashboard"
"какие есть категории товаров","chat"
"скачать пордажи","export"
"выгрузи возвраты по странам в word","export"
"а если посмотреть по менееджерам?","chat"
"ыгрузи таблицу по странам","export"
"что лишнее на дашборде","chat"
"сделай выгрузку остатки за квартал","export"
"отсортируй третий виджет по убыванию","dashboard"
"нужен график по городам","dashboard"
"добавь линейный график по регионам","dashboard"
"поменяй цвета в второй виджет","dashboard"
"дай выводы по прибыль за квартал","chat"
"выгрузи количество заказов по регионам в docx","export"
"выгрузи прибыль по сотрудникам в pdf","export"
"это правда?","chat"
"выгрузи всё в xlsx","export"
"есть ли аномалии в средний чек","chat"
"нуужен файл docx по сотрудникам","export"
"очисти дашборд","dashboard"
"понятно","chat"
"посчитайпродажи и выгрузи в xls","export"
"поставь виджет с картой первым","dashboard"
"какие виджеты стоит добавить по складу","chat"
"какой тип графика лучше для платежи?","chat"
"стоит ли добавлять столббчатую диаграмму?","chat"
"гдепросели продажи","chat"
"хочу скачать остатки за неделю","export"
"сделай отчёт по офисам в xls","export"
"перестрой дашбод","dashboard"
"какая общая выручка","chat"
"что ознначает последний виджет","chat"
"сделай отчёт по кварталам в ecel","export"
"что означает ниний виджет","chat"
"скачать платежи по городам","export"
"замени линейный график на график","dashboard"
"како тип графика лучше для заказы?","chat"
"откуда взялись цифры в пустой виджт","chat"
"скачать","export"
"что означает нижний виджет","chat"
"ввыгрузи количество заказов по кварталам в pdf","export"
"сколько выручку?","chat"
"перенеси последнии виджет вниз","dashboard"
"добавь линейный график по годам за март","dashboard"
"поменяй цвета в пустой виджет","dashboard"
"скачать заказы по менеджеам","export"
"отсортируй линейный график по возрастанию","dashboard"
"подготовь docx с платежи за прошлый месяц","export"
"ест ли аномалии в прибыль","chat"
"сделай нижний виджет шире","dashboard"
"созадй новый дашборд по сотрудникам","dashboard"
"объедини карточки  водин виджет","dashboard"
"покажи клиентов по офисам и сохрани в xls","export"
"какие идеи есть по дашборду","chat"
"покажи заказы по менеджжерам","chat"
"выведи возвраты воронку","dashboard"
"покажи возвраты по категориям и сохрани в пдф","export"
"покажи выручку за полугодие","chat"
"посчитай возвраты по поставщикам и сохрани в csv","export"
"выгрузи продажи по поставщикам за полугодие в pdf","export"
"почему виджет со средним чеком пустой","chat"
"объединикарточки в один виджет","dashboard"
"сколькотаблиц у меня подключено","chat"
"выгрузи всёё в пдф","export"
"kakie dannye est","chat"
"сделай выгрузку обоорт за этот год","export"
"перечисли виджеты ан дашборде","chat"
"а теперь в ворд","export"
"ок","chat"
"сарвни оборот за полугодие","chat"
"какая динамика возвраты?","chat"
"какой месяц был самым прибылным?","chat"
"выгрузи продажи по регионам в xs","export"
"что означает виджет со средним чеком","chat"
"выгрузи прибыль в эксель","export"
"хочу скачать","export"
"сделай дашборд","dashboard"
"чего не хватает в аналитике?","chat"
"в pdf","export"
"подготовь word с возвраты за прошлый месяц","export"
"поставь фильтр по поставщикам","dashboard"
"визуализируй продаж за 2024 год","dashboard"
"сохран это в эксель","export"
"сколько прибыль?","chat"
"что показывает второи виджет?","chat"
"экспортируй количество заказов в word","export"
"создай новый дашборд по поставщикам","dashboard"
"chto pokazyvaet vidzhet","chat"
"не так","chat"
"объедини карточки в один виджетт","dashboard"
"добавь столбчатую диаграмму по категоориям за последние 3 месяца","dashboard"
"дай выводы по оборот","chat"
"перевед изаголовки на английский","dashboard"
"добавь воронку по потсавщикам","dashboard"
"какой по товарам лучший по прибыль?","chat"
"сравни выручку за полугодие","chat"
"скачать прадажи по кварталам","export"
"нужен файл excel по клиентам","export"
"откуда такие данные","chat"
"а за полугодие как?","chat"
"построй график по возвраты","dashboard"
"стоит ли добавлять таблицу?","chat"
"что посовеуешь добавить?","chat"
"тоже самое в ворд","export"
"сделай отчёт по кварталам в пдф","export"
"где просели платежи","chat"
"есть ли аномалии в средниий чек","chat"
"одбавь график по месяцам","dashboard"
"выгрузи таблицу по месяцам","export"
"что означает второй виджет","chat"
"замени тепловую карту на график","dashboard"
"добавь круговую диаграмму по товарам за 2024 год","dashboard"
"нужен файл экксель по продажам","export"
"сформируйexcel по выручку","export"
"дай файл с платежи","export"
"добавь линейный график с платежи","dashboard"
"дай выводы по среднний чек за неделю","chat"
"сделай тепловую карту оп городам","dashboard"
"добавь линейный граффик с оборот","dashboard"
"нужен ворд с платежи","export"
"измени заголовок нижний виджет","dashboard"
"нужен крточки по кварталам","dashboard"
"сделай последний виджет круговым","dashboard"
"сколько остатки?","chat"
"то же самое в ворд","export"
"нужен карточки по категориям","dashboard"
"сделай аналитику п озаказам","dashboard"
"сохрнаи возвраты в docx","export"
"добавь диаграмму по месяцам","dashboard"
"посоветуй что-нибудь","chat"
"сделай тепловую карту по городам","dashboard"
"объясни как считается клиенты","chat"
"стоитт ли добавлять круговую диаграмму?","chat"
"выгрузи выручку за последние 3 месяца в ворд","export"
"выведи продажи руговую диаграмму","dashboard"
"дай ссылку на файл с заказы","export"
"какиетаблицы есть в базе?","chat"
"сохранитоп 10 клиентов в docx","export"
"сохрани это","export"
"сохрани это в ворд","export"
"есть ли у меня данные по офисам?","chat"
"переведиподписи на русский","dashboard"
"чего не хватает в аналиткие?","chat"
"второй виджет карточек лишний удали его","dashboard"
"отсортируй виджет со срденим чеком по убыванию","dashboard"
"сделай выгрузку","export"
"сгруппируй средний чек по регионам и покажи графиком","dashboard"
"какие даннные есть по товарам?","chat"
"дай ссылку на файл с среедний чек","export"
"дабавь ещё метрику в карточки","dashboard"
"сделай отчёт по постащвикам в pdf","export"
"что означает третий виджет","chat"
"то же самое в pdf","export"
"добавь карту","dashboard"
"сделай docx","export"
"мне нужен эксель для отчёта","export"
"нужен дашборд","dashboard"
"сделайвторой виджет круговым","dashboard"
"подготовь пдф с прибыль за 2024 год","export"
"ессть ли аномалии в платежи","chat"
"как менялись возвраты за прошлый месяц?","chat"
"какие таблиицы есть в базе?","chat"
"перенеси виджет с проажами вниз","dashboard"
"скачать заказы по менеджерам","export"
"добавь линейный график по мендежерам","dashboard"
"скачать продажи по категоиям","export"
"дай выводы по остатки за последние 3 месяца","chat"
"ин чист","chat"
"какя динамика оборот?","chat"
"переведи заголоввки на английский","dashboard"
"дай ссылку на файл с возвраты","export"
"сачать заказы","export"
"проанализируй количество заказов за этот гоод","chat"
"что означает пустой виджет","chat"
"нужен pdf с заказы","export"
"персетрой дашборд","dashboard"
"добавь тепловую карту по клиенттам за прошлый месяц","dashboard"
"выгрузи всё  вword","export"
"покажи возвраты за квартал","chat"
"сделай отчёт по сотрудникам в pdf","export"
"экспортируй осттатки в word","export"
" теперь в word","export"
"это точые данные?","chat"
"поменяй цвета в виджет со средним чеком","dashboard"
"замени диаграмму на график","dashboard"
"здравствуйте","chat"
"покажи количество заказов по менеджерам","chat"
"экспорт выручку по годам","export"
"сделай выгрузку остатки за 2024 год","export"
"построй теплвоую карту по прибыль","dashboard"
"этоточные данные?","chat"
"посчитай платежи поо товарам и сохрани в word","export"
"отсортируй воронку по возрастанию","dashboard"
"ага","chat"
"посчитай средний чек и выгрузи в docx","export"
"сгруппируй выручк упо клиентам и покажи графиком","dashboard"
"выгрузи клиентов по регионам в эксель","export"
"добавь график по странам за полугодие","dashboard"
"покажи платежи за послендие 3 месяца","chat"
"построй дашбод по финансам","dashboard"
"есть ли у меня данные па клиентам?","chat"
"добавь карточки с клиентов","dashboard"
"нужен файл docx по складу","export"
"сделай карточки по товарам","dashboard"
"нужен ффайл csv по продажам","export"
"растут ли выручка?","chat"
"сделайвыгрузку выручку за полугодие","export"
"сколько у меня клиентов и заказов","chat"
"какие кллиенты самые крупные","chat"
"график слишком мелкий сделай больше","dashboard"
"есть ли  меня данные по поставщикам?","chat"
"нужен диаграмму по клиентам","dashboard"
"сгруппируй продажи по товарам и покажи графиком","dashboard"
"сформируй ворд по выручку","export"
"перестройдашборд","dashboard"
"выведи выручку тепловую карту","dashboard"
"почему первый виджет пустой","chat"
"покажи топ 5 товаров","chat"
"перенеси третий виджет вниз","dashboard"
"добавь воронку с прибыль","dashboard"
"поставь первый виджет первы","dashboard"
"каки виджеты стоит добавить по заказам","chat"
"покажи возвраты по категориям","chat"
"покажи клиентов по страна и сохрани в xlsx","export"
"сгруппируйприбыль по менеджерам и покажи графиком","dashboard"
"проаанлизируй заказы за квартал","chat"
"создай новый дашборд по клиентам","dashboard"
"нужен пдф с количество заказов","export"
"сколько всего остати","chat"
"покажи продажи по месяцам","chat"
"дай выводы по палтежи за март","chat"
"добавь столбчатую диаграмму с продажи","dashboard"
"дашборд соз кун","dashboard"
"нуженфайл word по финансам","export"
"сколько таблиц у меня подключеено","chat"
"какой по месяцам лучший по выручка?","chat"
"сделай выгрузку заказы за прошлый месяц","export"
"погдотовь эксель с клиентов за полугодие","export"
"выведи возвраты диаграмму","dashboard"
"поменяй местам ипервый и второй виджет","dashboard"
"какие данные есть по городам?","chat"
"выгрузи количество заказов за неделю в excel","export"
"раздели виджет на два","dashboard"
"выгрузи оборот в эксель","export"
"перестой дашборд","dashboard"
"визуализируй оборот за этот год","dashboard"
"мне нужен excel для отчёта","export"
"сделай отчтё по складу в xlsx","export"
"маълумот дар бораи фуруш","chat"
"как менялись платежи за квартал?","chat"
"какой по сотрудникам лучший по заказы?","chat"
"каки клиенты самые крупные","chat"
"сделай третий виджет шире","dashboard"
"замени таблицу на график","dashboard"
"где просели прдоажи","chat"
"как менялись продажи за квартал?","chat"
"перенеси виджет с картой вниз","dashboard"
"сделай отчё тпо регионам в pdf","export"
"растут ли заказзы?","chat"
"создай новый дашборд по продажам","dashboard"
"а если посмотреть по поставщикам?","chat"
"поменяй цвета в первый виджет","dashboard"
"какойпо товарам лучший по средний чек?","chat"
"откуда взялись цифры в пустой виджетт","chat"
"сделай первый виджет круговым","dashboard"
"экспорт количество заказов по менеджерам","export"
"сформируйxls по выручку","export"
"удали круговую диаграмму по городам","dashboard"
"подготовь эксель с коичество заказов за неделю","export"
"сделай отчёт по годам в врд","export"
"сделай отчёт по логистике в excel","export"
"разверни пустой виджет горизонтально","dashboard"
"скалько всего заказы","chat"
"какие виджеты стоит добавить по маркетингу","chat"
"поменяй цвета в виджет с продажами","dashboard"
"пееренеси виджет со средним чеком вниз","dashboard"
"убери нижний виджет","dashboard"
"какой тип графика лучше для возвраты?","chat"
"оформи клиентов документом","export"
"прроанализируй клиентов за квартал","chat"
"поменяй первый виджет на карточки","dashboard"
"переиенуй первый виджет","dashboard"
"переведи заголовки на английский","dashboard"
"чтолишнее на дашборде","chat"
"собери дашборд","dashboard"
"проанализируй оборот за квартал","chat"
"отсортируй второй виджет по убыванию","dashboard"
"отсортируй карточки по возрастанию","dashboard"
"сколько прибылль?","chat"
"добавьстолбчатую диаграмму с заказы","dashboard"
"что показывает виджет с картой?","chat"
"перенеси второй виджет вниз","dashboard"
"откуда взялись цифры в второй виджет","chat"
"убери всё лишнее","dashboard"
"добавь столбчатую идаграмму по офисам за 2024 год","dashboard"
"есть ли аномалии в прибыль","chat"
"проанализируй платежи за 2024 год","chat"
"охчу скачать остатки за март","export"
"какие даные есть по регионам?","chat"
"сколькко всего клиентов","chat"
"какая динамика выручка?","chat"
"посчитай клиентов п оофисам и сохрани в ворд","export"
"скачать прибыль","export"
"сформируй xlsx по возвраты","export"
"проанализируй оборот за 2024 год","chat"
"добавькарточки по товарам за этот год","dashboard"
"визуализируй клиентов за этот гдо","dashboard"
"разверни виждет с продажами горизонтально","dashboard"
"а за последние 3 месяца как?","chat"
"сделай отчёт по заказам в docx","export"
"дай файл с остатки","export"
"дай вводы по продажи за этот год","chat"
"а теперь в xls","export"
"выгрузи остатки за полугоди в word","export"
"перенеси виджет со среднми чеком вверх","dashboard"
"добавь столбчатую диаграмму с остатки","dashboard"
"перенеси пеервый виджет вниз","dashboard"
"какие виджеты стоит добавить по клиентам","chat"
"добавь линейный график по годам за этот год","dashboard"
"выгрузи остатки в ворд","export"
"дай выводы по выручку за квартал","chat"
"поменяй первый виджет на круговую диаграмму","dashboard"
"разверни третий виджет горизонтально","dashboard"
"убери дубли виджетовв","dashboard"
"сравни аказы за 2024 год","chat"
"поясни","chat"
"убери виджжет с картой","dashboard"
"поменяй мстами первый и второй виджет","dashboard"
"добавь талицу по поставщикам за последние 3 месяца","dashboard"
"а за пследние 3 месяца как?","chat"
"схрани платежи в пдф","export"
"изммени заголовок третий виджет","dashboard"
"а за посление 3 месяца как?","chat"
"како ймесяц был самым прибыльным?","chat"
"сколько таблиц у меня подключено","chat"
"в эксель","export"
"растут ли срредний чек?","chat"
"выгрузи количество заказов за послдение 3 месяца в pdf","export"
"смени тип на столбчатый","dashboard"
"а за этот год как?","chat"
"сохрани продажи в xls","export"
"экспортостатки по годам","export"
"измени заголовок второй виджет","dashboard"
"выгрузи всё в pdf","export"
"построй дашборд по клиентам","dashboard"
"замени воронку на график","dashboard"
"выгрузи средний чек в sv","export"
"где просели продажи","chat"
"поменяй виджет со средним чеком на столбчатую диаграмму","dashboard"
"покажисредний чек за квартал","chat"
"сохрани это в excel","export"
"ккакой месяц был самым прибыльным?","chat"
"экспортируй оборот в docx","export"
"какой товар продаётся хуже всех","chat"
"построй дашборд по складу","dashboard"
"какой по годам лучший по возвраты?","chat"
"покажи список менеджеров","chat"
"это точныее данные?","chat"
"сколько всего приыль","chat"
"чегоне хватает в аналитике?","chat"
"выгрузи таблицу по сотрудникам","export"
"сколько всего оборот","chat"
"добавь график с продажи","dashboard"
"добавь второй график рядом","dashboard"
"сохрании топ 10 клиентов в docx","export"
"какой месяц был самым прибыльынм?","chat"
"пперечисли виджеты на дашборде","chat"
"сделай отчёт по сотрудникам в docx","export"
"а за неделю как?","chat"
"поменяй цветаа в второй виджет","dashboard"
"спасибо большое","chat"
"покажи прибыль по годам и сохрани в pf","export"
"поставьфильтр по городам","dashboard"
"экспорируй остатки в excel","export"
"дабавь диаграмму с возвраты","dashboard"
"сделай пустой виджет шире","dashboard"
"сохрани это в xls","export"
"почему нижний виджет пустой","chat"
"сделайотчёт по поставщикам в docx","export"
"растут ли средний чек?","chat"
"как менялись выручка за квартаал?","chat"
"ссохрани топ 10 клиентов в пдф","export"
"отмени последнее изменение","dashboard"
"выгрузи прибыль по клиентам за неделю в excel","export"
"экспорт заказы по категориям","export"
"сделай выгрузку прибыль","export"
"покажи платежи по есяцам и сохрани в pdf","export"
"сделайотчёт по заказам в эксель","export"
"посчитай выручку и выгрузи в xls","export"
"измени заголовок нижни виджет","dashboard"
"не понял","chat"
"дай файл с выручку","export"
"отсортируй таблицу по возрастанию","dashboard"
"поменй местами первый и второй виджет","dashboard"
"подготовь документ","export"
"а в ворде можно?","export"
"поменяй порядок виджетов","dashboard"
"csv","export"
"убер инижний виджет","dashboard"
"что можно улучшить","chat"
"посчитай количество заказов по сотрудникам  сохрани в xlsx","export"
"нужна карта по странам","dashboard"
"сделай второй виджет ире","dashboard"
"сравни продажи за неделю","chat"
"нужен график по годам","dashboard"
"выгурзи таблицу по сотрудникам","export"
"сохрани оборот в xlsx","export"
"вывди прибыль тепловую карту","dashboard"
"что означает виджет с картой","chat"
"а если посмотреть по месяцам?","chat"
"что лшнее на дашборде","chat"
"нуженэксель с клиентов","export"
"нужен столбчатую диаграмму по менеджерам","dashboard"
"стоитли добавлять график?","chat"
"есть ли аномалии в заказы","chat"
"что лшинее на дашборде","chat"
"объедини полседний виджет и виджет с продажами","dashboard"
"выведи средний чек диаграмму","dashboard"
"поменяй видежт со средним чеком на таблицу","dashboard"
"добавь график по категориям за поулгодие","dashboard"
"визуализируй остатки за рпошлый месяц","dashboard"
"хочу скачать сотатки за этот год","export"
"экспортируй продажи в word","export"
"сделай выгрузку прибыль за прошлый месяц","export"
"сохрани количество заказов в xlsx","export"
"сохраниколичество заказов в эксель","export"
"то же самое в csv","export"
"что не так с дашббордом","chat"
"сделайстолбчатую диаграмму по офисам","dashboard"
"скачать оборот по квартлам","export"
"в ворде","export"
"выведи платежи воронку","dashboard"
"скачать возвраты по офисам","export"
"выгрузи выручку в docx","export"
"что ты умеешь","chat"
"сделай первый виджет шире","dashboard"
"скачать заказы","export"
"выгрузиостатки по кварталам за прошлый месяц в csv","export"
"покажи остатки по годам и сохрани в xlsx","export"
"нужен файл эксель по клиентам","export"
"подготовь xls с прибыль за прошлый месяц","export"
"нужен столбчатую диаграмму по товарам","dashboard"
"что показывает нижний виджет?","chat"
"перенеси втоорй виджет вверх","dashboard"
"покажи средний чек по офисам и схрани в пдф","export"
"переименуй нижний виджет","dashboard"
"покажи количество заказов по годам","chat"
"подготовь pdf с возвраты за полугодие","export"
"нужен эксель для бухгалтерии","export"
"перестрой всё","dashboard"
"замени карточки на график","dashboard"
"перенеси ппервый виджет вверх","dashboard"
"сделай отчёт по офисам в pdf","export"
"сравни остатки за прошлый месяц","chat"
"выгрузи количество заказов в excel","export"
"выгрузи возвраты по офисам за полугодие в excel","export"
"сделай аналитику по клиентам","dashboard"
"почему так","chat"
"добавь линейный график по менеджерам","dashboard"
"дай ссылку на файл с выручку","export"
"выгрузи заказы из франции в csv","export"
"отсортируй нижний видежт по убыванию","dashboard"
"поменяйцвета в нижний виджет","dashboard"
"скачать количество заказов по регонам","export"
"где проселли возвраты","chat"
"каккой по странам лучший по оборот?","chat"
"я не это имел в виду","chat"
"переведи заголовки на ангглийский","dashboard"
"переведи попдиси на русский","dashboard"
"хочу скачать прдажи за квартал","export"
"то же саое в ворд","export"
"взиуализируй остатки за этот год","dashboard"
"экспортируй возврраты в xlsx","export"
"чтопоказывает пустой виджет?","chat"
"экспортируй клиентов в word","export"
"построй тепловую карту по возвраты","dashboard"
"дай выводы по прибыль","chat"
"оцеин мой дашборд","chat"
"сделай выгрузку возвраты","export"
"удали таблицу по категориям","dashboard"
"сделай картчки по месяцам","dashboard"
"сделай виджет с продажами шире","dashboard"
"а теперь в пдф","export"
"выгрузи прибыль по товарам за март в эксель","export"
"сделай выгрузку заказы за этот год","export"
"подготовь xls с платежи за март","export"
"сделай столбчатую диаграмму по клинтам","dashboard"
"выгрузи количество заказов за этот год в pdf","export"
"покажи заказы за неделю","chat"
"сделай выгрузку клиентов за 2024 год","export"
"оценимой дашборд","chat"
"добавь ещё метрик в карточки","dashboard"
"как это работает","chat"
"оформи продажи документом","export"
"поменяй второй виджет на диаграмму","dashboard"
"ты уверен?","chat"
"какие клиенты самые крунпые","chat"
"какие данные есть по категориям?","chat"
"что показывает виджет со средним чеком?","chat"
"экспортируй закзаы в word","export"
"переведи подписи на русский","dashboard"
"что показывает виджет с продажами?","chat"
"поставь второй виджет первым","dashboard"
"объясни как считается продажи","chat"
"построй дашборд по поставщиикам","dashboard"
"кто мой лучший клиент","chat"
"какие данные есть по поставщикам?","chat"
"какие виджеты стоит добавить по финансам","chat"
"откуда взялис цифры в виджет со средним чеком","chat"
"сколько всего продажи","chat"
"какие таблицы еть в базе?","chat"
"замени ддиаграмму на график","dashboard"
"нет","chat"
"сделай виджет с продажами круговым","dashboard"
"как менялись приыбль за прошлый месяц?","chat"
"скачать средний чек","export"
"отсортируи пустой виджет по убыванию","dashboard"
"сздай новый дашборд по продажам","dashboard"
"выгрузи всё в ворд","export"
"поменяй местами первый и второй виджет","dashboard"
"привет","chat"
"то же самое в word","export"
"убери третий виджет","dashboard"
"измени заголовок третий виджет","dashboard"
"стоит ли добавлять столбчатую диаграмму?","chat"
"экспотр заказы по месяцам","export"
"ай ссылку на файл с остатки","export"
"сохрани результат","export"
"выгрузивыручку за полугодие в пдф","export"
"выгрузи оборот за март в csv","export"
"чем ты можешь помочь","chat"
"мне нужен word для отчёта","export"
"что означает первый виджет","chat"
"хочу скачать количество заказов за кварттал","export"
"сделай отчёт по складу в word","export"
"экспорт","export"
"удали виджет с продажами","dashboard"
"измени заголовок виджет с продажами","dashboard"
"построй тепловую карту по платежи","dashboard"
"поставь фильтр по товарам","dashboard"
"сделай аналитику по сотрудникам","dashboard"
"перенеси виджет со средним чеком вниз","dashboard"
"добавь карточки по кварталам","dashboard"
"сохрани прибыль по месяцам в dcx","export"
"скачать количество заказов по поставщикам","export"
"сделай выгрузку платежи за прошлый месяц","export"
"какойтип графика лучше для платежи?","chat"
"подготовьxls с количество заказов за этот год","export"
"подготовь пдф сс продажи за последние 3 месяца","export"
"выведи топ товаров отдельным виджетом","dashboard"
"псотавь виджет со средним чеком первым","dashboard"
"добавь воронку по поставщика мза этот год","dashboard"
"экспортируй прибыл ьв word","export"
"перенеси второй виджет вверх","dashboard"
"чего нее хватает в аналитике?","chat"
"нужен файл xls по продажам","export"
"хочу скачать платежи за март","export"
"удали столбчатую диаграмму по сотрудникам","dashboard"
"подготовь ворд с выручку за неделю","export"
"начни заново","dashboard"
"какой по категориям лучший по выручка?","chat"
"дай выводы по прибыль за полугодие","chat"
"excel","export"
"ксачать количество заказов по поставщикам","export"
"почему второй виджет пустой","chat"
"оформи количество заказов документом","export"
"покжи количество заказов по годам и сохрани в ворд","export"
"что показывает последний виджет?","chat"
"стоит ли добавлять круговую диаграмму?","chat"
"сколько свего прибыль","chat"
"добавь график по офисам","dashboard"
"нужен exccel с клиентов","export"
"соххрани топ 10 клиентов в pdf","export"
"перенеси вииджет с продажами вниз","dashboard"
"то же смаое в docx","export"
"даи выводы по прибыль за полугодие","chat"
"переведи подписи на русскйи","dashboard"
"сделай выгрузку платежи","export"
"проанализируй прибыль за прошлый месяц","chat"
"сделай виджет с картой круговым","dashboard"
"добавьдиаграмму по сотрудникам за последние 3 месяца","dashboard"
"выгрузи всю таблицу","export"
"какие данные есть по менеджерам?","chat"
"выгрузи таблицу по категориям","export"
"какой по годам лучший по прибыль?","chat"
"нужен файл csv по поставщикам","export"
"нужен файл docx по поставщикам","export"
"мне нужен pdf для отчёта","export"
"убери пустой виджет","dashboard"
"визуализируйостатки за этот год","dashboard"
"какие данны еесть по городам?","chat"
"выведи выручку линейный графк","dashboard"
"карточки не внизу должны быть а вверху","dashboard"
"убери виджет с продажам","dashboard"
"хочу скачать клиентов за последние 3 месяца","export"
"а если посмотреть по клиентам?","chat"
"сколько всего остатки","chat"
"какие данные есть по годам?","chat"
"есть ли у меня данные по товарам?","chat"
"объясникак считается средний чек","chat"
"нужен карточки по регионам","dashboard"
"добавь круговую диаграмм ус продажи","dashboard"
"нужен файл docx по логистиек","export"
"есть ли сезонность в продажах","chat"
"а за прошлый месяц как?","chat"
"что лишнее наа дашборде","chat"
"добавь линейный график с оборот","dashboard"
"перенеси нижниий виджет вниз","dashboard"
"покажи выручку по странам и сохрани в word","export"
"сделайвыгрузку средний чек","export"
"откуда взялись цифры в виджет с продажами","chat"
"визуализируй платежи за последние 3 месяца","dashboard"
"отсортируй диаграмму по возрастанию","dashboard"
"сохрани клиентов у которых заказов больше 5 в excel","export"
"а если посмотреть по годам?","chat"
"как менялись выучка за 2024 год?","chat"
"что означает последний виджет","chat"
"сделайвиджет со средним чеком шире","dashboard"
"сравни продажи за март","chat"
"то же самое в xls","export"
"выгрузи всё в пдф","export"
"убери тртий виджет","dashboard"
"а за квартал как?","chat"
"перенеси второй вииджет вверх","dashboard"
"как менялись возвраты за март?","chat"
"дай файл сс платежи","export"
"покажи оборот за прошлый месяц","chat"
"выгрузи прибыль по офисам в пдф","export"
"покажи клиентов по товарам","chat"
"что не так  дашбордом","chat"
"а если посмотреть по сотрудниакм?","chat"
"это точные данные?","chat"
"добавь круговую диаграмму по поставщикам за последние 3 месяцаа","dashboard"
"какой тип графика лучше для выручка?","chat"
"сохрани файлом","export"
"убери виджет с продажами","dashboard"
"стоитли добавлять диаграмму?","chat"
"поставь фильтр по лкиентам","dashboard"
"добавь столбчатую диаграмму по офисам за последние 3 месяца","dashboard"
"экспорт количество заказов по поставщикам","export"
"сдлеай выгрузку клиентов за 2024 год","export"
"есть ли аномалии в оборот","chat"
"отсортируй первый виджет по убыванию","dashboard"
"какой тип графика лучше для оборот?","chat"
"что означает виджет с продажами","chat"
"почему виджет с продажами пустой","chat"
"сохранни выручку в ворд","export"
"какой по менеджерам лучший по выручка?","chat"
"где просели выручка","chat"
"поменяй пустой виджет на линейный график","dashboard"
"заменитепловую карту на график","dashboard"
"почему последний виджетт пустой","chat"
"какие виджеты стоит добавить по продажам","chat"
"какие клиенты самые крупны","chat"
"какие виджеты стоит добавить по поставщикам","chat"
"дай выводы по количество заказов за прошлый месяц","chat"
"посчитай средний чек по месяцам и сохрани в xlsx","export"
"отсортируйвиджет с картой по убыванию","dashboard"
"построй дашборд по сотрудникам","dashboard"
"посчитай возвраты и выгрузи в xls","export"
"поменяй цвета в видет с картой","dashboard"
"переиименуй второй виджет","dashboard"
"нужен диаграмму по сотрудникам","dashboard"
"стоитли добавлять столбчатую диаграмму?","chat"
"отсортируй пустой виджет по убыванию","dashboard"
"скачать количество заказов по месяцам","export"
"какие клиенты самые крупыне","chat"
"отсортируй тепловую карту по возрастанию","dashboard"
"поставь фильтр по сотрудникам","dashboard"
"построй графикк по заказы","dashboard"
"оформи остатки документом","export"
"сгруппируй заказы по кварталам и покажи графиком","dashboard"
"построй линейный график по клиенты","dashboard"
"чтоозначает третий виджет","chat"
"сравни оборот за квартал","chat"
"хочу таблицу в экселе","export"
"хочу дашборд по продажам","dashboard"
"нужен csv с продажи","export"
"объедини пустой виджет и виджте со средним чеком","dashboard"
"что показывает вижет со средним чеком?","chat"
"стоит ли доабвлять диаграмму?","chat"
"сделай выгрузку клиентов за последние 3 месяца","export"
"сделай отчёт по логистике в xls","export"
"сохрани платижи в word","export"
"выгрузи количество заказов за последние 3 месяца в docx","export"
"сохрани отчёт","export"
"мне нужен эксель ддля отчёта","export"
"сделай третий видджет шире","dashboard"
"где просели прибыл","chat"
"как думаешь стоит ли","chat"
"подготовь ворд с возвраты","export"
"перееведи заголовки на английский","dashboard"
"стоитли добавлять таблицу?","chat"
"сделай столбчатую диаграмму по кварталам","dashboard"
"сравни клиентов за этот год","chat"
"добавь линейный график по годам за неделю","dashboard"
"объясни как считается оброт","chat"
"выгрузивсё в эксель","export"
"какие таблицы есть  базе?","chat"
"покажи прибыль по менеджерам и сохрани в xls","export"
"перестрай дашборд","dashboard"
"сделай отчёт по категориям в excel","export"
"естьли у меня данные по регионам?","chat"
"сделай отчёт по ззаказам в pdf","export"
"есть ли аномалии в клиенты","chat"
"поменяй виджет со средним чеком на диаграмму","dashboard"
"посчитай средний чек по клиентам и сохрани в ворд","export"
"откуда взялись цифры в виджет с картой","chat"
"скачать продажи по регионам","export"
"хорошо","chat"
"выгрузи прибыль в word","export"
"как менялись платежи за март?","chat"
"что посоветуешь добавит?","chat"
"объедини два виджета с карточками","dashboard"
"экспорт возвраты по годам","export"
"перенесипустой виджет вниз","dashboard"
"где просели оборот","chat"
"сгруппиируй возвраты по поставщикам и покажи графиком","dashboard"
"а етперь в пдф","export"
"сделайвторой виджет шире","dashboard"
"поставь виджет со средним чеком первым","dashboard"
"откуда взяись цифры в первый виджет","chat"
"экспортируй выручку в xlsx","export"
"нуженфайл пдф по заказам","export"
"объясни как считается возвраты","chat"
"выведи список стран","chat"
"ай выводы по продажи за неделю","chat"
"скачать выручку по сотрудникам","export"
"какая динамика прибыль?","chat"
"удали ворноку по годам","dashboard"
"почему виджет с картой пустой","chat"
"какие виджеты стоит добавить по клиентаам","chat"
"удали диаграмму по месяцам","dashboard"
"сделай отчёт по финансам в excel","export"
"что показыват первый виджет?","chat"
"какие данные есть по регионам?","chat"
"посчитай прибыль по сотрудникам и сохрани в ворд","export"
"уберидубли виджетов","dashboard"
"посчитай заказы и выгрузи в xlsx","export"
"покажи плаетжи за неделю","chat"
"оформизаказы документом","export"
"посчитай количестов заказов и выгрузи в эксель","export"
"переведи заголовки на англииский","dashboard"
"эспортируй оборот в эксель","export"
"дай скачать","export"
"сгруппируй продажи по менеджерам и покажи графиком","dashboard"
"дай файл с прибыль","export"
"сделай отчёт по маркетингу в docx","export"
"нужен csv с остатки","export"
"скачать продажи","export"
"заменистолбчатую диаграмму на график","dashboard"
"что показывает первый виджжет?","chat"
"сравни клиентов за квартал","chat"
"экспорт выручку п окварталам","export"
"перестроой дашборд","dashboard"
"отсортируй последий виджет по убыванию","dashboard"
"объясни как считается оборот","chat"
"сделай выгрузку оборот за полугодие","export"
"верни как было","dashboard"
"что посоветуешь добавить?","chat"
"создай новый дашборд по финансам","dashboard"
"посчитай клиентов и выгрузи в ворд","export"
"сделай виджет со средним чеком шире","dashboard"
"что лишнее н дашборде","chat"
"нужен тепловую карту по клиентам","dashboard"
"сколько всего возвраты","chat"
"сделайотчёт по продажам в xls","export"
"поменяй первый виджет на тепловую карту","dashboard"
"разверни виджет с продажами горизонтально","dashboard"
"переведизаголовки на английский","dashboard"
"а если посмотрет по кварталам?","chat"
"переименуй виджет со средним чеком","dashboard"
"удали диаграмму по городам","dashboard"
"хочускачать выручку за квартал","export"
"есть ли аноомалии в возвраты","chat"
"покажиклиентов по сотрудникам и сохрани в pdf","export"
"создай новый даашборд по клиентам","dashboard"
"посчитай возвраты и выгрузи в xlsx","export"
"объясни как считается платежи","chat"
"какиевиджеты стоит добавить по маркетингу","chat"
"нужен файл xls по мркетингу","export"
"сохрани оборот в пдф","export"
"выгрузи всё в excel","export"
"что показывает первый виджет?","chat"
"удали линейный график по офисам","dashboard"
"покажи выручку за последние 3 месяца","chat"
"какой тип графика лучше для продажи?","chat"
"поменяй виджжет с картой на линейный график","dashboard"
"что не так с ашбордом","chat"
"сделай второй виджет круговым","dashboard"
"отправь файлом","export"
"выгрузиприбыль по товарам в ворд","export"
"покажи прибыль за последние 3 месяца","chat"
"экспортируй заказы в csv","export"
"каки етаблицы есть в базе?","chat"
"подготовь xls с возвраты за неделю","export"
"сохрани топ 10 клиентов в pdf","export"
"сохрани топ 10 клиентов в xls","export"
"добавь таблицу по поставщикам за квартал","dashboard"
"нужен эксель с остатки","export"
"где просели средний чек","chat"
"сделай выгрузку среднийй чек","export"
"посчитай остатки и выгрузи в excel","export"
"дай ссылку на файл с прибыль","export"
"визуализируй оборот за эот год","dashboard"
"унжен docx с выручку","export"
"откуда взялись цифры в пустой виджет","chat"
"покажи остатки по сотрудникам","chat"
"сколько всего количество заказов","chat"
"сделай тепловую карту ппо странам","dashboard"
"перетрой дашборд","dashboard"
"мне нужен xls дляя отчёта","export"
"сохрани выручку в пдф","export"
"откуда взялись цифры в виджет со ссредним чеком","chat"
"проверь ещё раз","chat"
"выгрузи средний чек по менеджерам в word","export"
"в каком регионе больше продаж","chat"
"удали столбчатую диаграмму по годам","dashboard"
"поменяй нижний виджет на таблиццу","dashboard"
"скачать остатки по товарам","export"
"визуализируй клиентов за неделю","dashboard"
"какая динамика продажи?","chat"
"выгрузи количество заказов в пдф","export"
"можно в пдф?","export"
"сделай отчёт по месяцам в ворд","export"
"замени столбчатую диаграмму на график","dashboard"
"какой по кварталам лучший по заказы?","chat"
"сделай тепловую карту по поставщикам","dashboard"
"подгоотовь ворд с прибыль за март","export"
"а если посмотреть по странам?","chat"
"поменяй цвета в последний виджет","dashboard"
"переименуй ниижний виджет","dashboard"
"выгрузи патежи за квартал в excel","export"
"какой тип графиика лучше для платежи?","chat"
"мне нужен csv для отчёат","export"
"создай новый дашборд по логистике","dashboard"
"постаь фильтр по товарам","dashboard"
"хочу скачать возвраты за март","export"
"аза квартал как?","chat"
"добавь ещё метрику в карточки","dashboard"
"нужен docx с оборот","export"
"какие данны есть по регионам?","chat"
"выведи возвраты карточки","dashboard"
"создай новый дашборд по заказма","dashboard"
"выгрузка","export"
"какаядинамика продажи?","chat"
"сформируй ворд по оборот","export"
"сравни количество заказов за прошлый месяц","chat"
"перечисли виджеты на дашборде","chat"
"добавь фильтр по датам","dashboard"
"отсортируй круговую диаграмму по возрастанию","dashboard"
"перечисливиджеты на дашборде","chat"
"выгрузи прибыль по поставщикам за прошлый месяц в xls","export"
"сделай кольцевую вместо круговой","dashboard"
"убери виджет с подажами","dashboard"
"нуженграфик по регионам","dashboard"
"нужен диааграмму по странам","dashboard"
"какой тип графика лучше для заказы?","chat"
"сформируй отчёт файлом","export"
"добавь круговую диаграмму с коичество заказов","dashboard"
"нужен файл","export"
"измени заголовок виджет со средним чеком","dashboard"
"перенеси виджет со средним чеком вверх","dashboard"
"сформируй pdf по средний чек","export"
"оформипродажи документом","export"
"покажи выручку по месяцам и сохранни в excel","export"
"какои месяц был самым прибыльным?","chat"
"визуализируй количество заказов","dashboard"
"добавь воронку по месяцам за полугодие","dashboard"
"стоит ли добавлять линейный график?","chat"
"объясникак считается оборот","chat"
"сдилай выгрузку прибыль","export"
"выгрузи прибыль по кварталам за прошлый месяцц в excel","export"
"замени график на график","dashboard"
"какие виджеты стоит добавить по логистике","chat"
"сделай отчёт по сотудникам в pdf","export"
"перенеси виджет с продажами вниз","dashboard"
"мне нужен xls для отчёта","export"
"а почему так получилось","chat"
"удали всё","dashboard"
"чтоне так с дашбордом","chat"
"добавь график с оборот","dashboard"
"создай новый дашборд по маркетингу","dashboard"
"поставь последний виджет первым","dashboard"
"добавь круговую диаграмму с средний чек","dashboard"
"поменя йвиджет с картой на круговую диаграмму","dashboard"
